question,domain
Explain the purpose of feature scaling in machine learning. (example 0),Data Science
What is the difference between supervised and unsupervised learning? (example 1),Data Science
How is overfitting detected in a model? (example 2),Data Science
Explain the purpose of feature scaling in machine learning. (example 3),Data Science
What are the common evaluation metrics for classification? (example 4),Data Science
What is the difference between supervised and unsupervised learning? (example 5),Data Science
How is overfitting detected in a model? (example 6),Data Science
How is overfitting detected in a model? (example 7),Data Science
What are decision trees and how do they work? (example 8),Data Science
How is overfitting detected in a model? (example 9),Data Science
How does a confusion matrix work? (example 10),Data Science
How does a confusion matrix work? (example 11),Data Science
Explain cross-validation and why it is used. (example 12),Data Science
What is the role of pandas in data analysis? (example 13),Data Science
How does a confusion matrix work? (example 14),Data Science
What is the bias-variance tradeoff? (example 15),Data Science
What are the common evaluation metrics for classification? (example 16),Data Science
Explain the purpose of feature scaling in machine learning. (example 17),Data Science
Explain cross-validation and why it is used. (example 18),Data Science
What are decision trees and how do they work? (example 19),Data Science
Explain cross-validation and why it is used. (example 20),Data Science
What is the bias-variance tradeoff? (example 21),Data Science
What are the common evaluation metrics for classification? (example 22),Data Science
What is the difference between supervised and unsupervised learning? (example 23),Data Science
Explain cross-validation and why it is used. (example 24),Data Science
Describe the process of data cleaning in data science. (example 25),Data Science
How is overfitting detected in a model? (example 26),Data Science
What is the role of pandas in data analysis? (example 27),Data Science
What are decision trees and how do they work? (example 28),Data Science
What are decision trees and how do they work? (example 29),Data Science
How does a confusion matrix work? (example 30),Data Science
Explain the purpose of feature scaling in machine learning. (example 31),Data Science
What is the role of pandas in data analysis? (example 32),Data Science
What is the bias-variance tradeoff? (example 33),Data Science
What is the difference between supervised and unsupervised learning? (example 34),Data Science
Explain the purpose of feature scaling in machine learning. (example 35),Data Science
What is the role of pandas in data analysis? (example 36),Data Science
What are decision trees and how do they work? (example 37),Data Science
Explain cross-validation and why it is used. (example 38),Data Science
What are the common evaluation metrics for classification? (example 39),Data Science
What is the role of pandas in data analysis? (example 40),Data Science
How is overfitting detected in a model? (example 41),Data Science
What is the role of pandas in data analysis? (example 42),Data Science
What are decision trees and how do they work? (example 43),Data Science
Explain the purpose of feature scaling in machine learning. (example 44),Data Science
Describe the process of data cleaning in data science. (example 45),Data Science
How is overfitting detected in a model? (example 46),Data Science
What are decision trees and how do they work? (example 47),Data Science
Explain cross-validation and why it is used. (example 48),Data Science
What is the role of pandas in data analysis? (example 49),Data Science
What is the role of pandas in data analysis? (example 50),Data Science
What is the role of pandas in data analysis? (example 51),Data Science
How does a confusion matrix work? (example 52),Data Science
Explain the purpose of feature scaling in machine learning. (example 53),Data Science
Describe the process of data cleaning in data science. (example 54),Data Science
What are decision trees and how do they work? (example 55),Data Science
How does a confusion matrix work? (example 56),Data Science
What is the role of pandas in data analysis? (example 57),Data Science
What are the common evaluation metrics for classification? (example 58),Data Science
What is the difference between supervised and unsupervised learning? (example 59),Data Science
What is the difference between supervised and unsupervised learning? (example 60),Data Science
What is the difference between supervised and unsupervised learning? (example 61),Data Science
What is the bias-variance tradeoff? (example 62),Data Science
How is overfitting detected in a model? (example 63),Data Science
What are decision trees and how do they work? (example 64),Data Science
Explain the purpose of feature scaling in machine learning. (example 65),Data Science
What is the role of pandas in data analysis? (example 66),Data Science
What is the bias-variance tradeoff? (example 67),Data Science
Describe the process of data cleaning in data science. (example 68),Data Science
How is overfitting detected in a model? (example 69),Data Science
What is the difference between supervised and unsupervised learning? (example 70),Data Science
Describe the process of data cleaning in data science. (example 71),Data Science
How does a confusion matrix work? (example 72),Data Science
Describe the process of data cleaning in data science. (example 73),Data Science
Explain the purpose of feature scaling in machine learning. (example 74),Data Science
What is the difference between supervised and unsupervised learning? (example 75),Data Science
What is the bias-variance tradeoff? (example 76),Data Science
How does a confusion matrix work? (example 77),Data Science
How is overfitting detected in a model? (example 78),Data Science
Explain cross-validation and why it is used. (example 79),Data Science
What is the role of pandas in data analysis? (example 80),Data Science
How is overfitting detected in a model? (example 81),Data Science
Explain cross-validation and why it is used. (example 82),Data Science
What is the bias-variance tradeoff? (example 83),Data Science
What are the common evaluation metrics for classification? (example 84),Data Science
How does a confusion matrix work? (example 85),Data Science
What is the bias-variance tradeoff? (example 86),Data Science
How does a confusion matrix work? (example 87),Data Science
What are decision trees and how do they work? (example 88),Data Science
How is overfitting detected in a model? (example 89),Data Science
Explain cross-validation and why it is used. (example 90),Data Science
Explain cross-validation and why it is used. (example 91),Data Science
What is the bias-variance tradeoff? (example 92),Data Science
What is the role of pandas in data analysis? (example 93),Data Science
What are the common evaluation metrics for classification? (example 94),Data Science
Describe the process of data cleaning in data science. (example 95),Data Science
What is the difference between supervised and unsupervised learning? (example 96),Data Science
Explain the purpose of feature scaling in machine learning. (example 97),Data Science
What is the difference between supervised and unsupervised learning? (example 98),Data Science
What is the bias-variance tradeoff? (example 99),Data Science
What are the common evaluation metrics for classification? (example 100),Data Science
What is the bias-variance tradeoff? (example 101),Data Science
Explain cross-validation and why it is used. (example 102),Data Science
How does a confusion matrix work? (example 103),Data Science
What are the common evaluation metrics for classification? (example 104),Data Science
What are the common evaluation metrics for classification? (example 105),Data Science
How is overfitting detected in a model? (example 106),Data Science
How is overfitting detected in a model? (example 107),Data Science
What is the role of pandas in data analysis? (example 108),Data Science
What are decision trees and how do they work? (example 109),Data Science
What is the difference between supervised and unsupervised learning? (example 110),Data Science
What are decision trees and how do they work? (example 111),Data Science
How is overfitting detected in a model? (example 112),Data Science
What are the common evaluation metrics for classification? (example 113),Data Science
Explain the purpose of feature scaling in machine learning. (example 114),Data Science
What are the common evaluation metrics for classification? (example 115),Data Science
What is the difference between supervised and unsupervised learning? (example 116),Data Science
Explain cross-validation and why it is used. (example 117),Data Science
How does a confusion matrix work? (example 118),Data Science
Explain the purpose of feature scaling in machine learning. (example 119),Data Science
What is the difference between supervised and unsupervised learning? (example 120),Data Science
How does a confusion matrix work? (example 121),Data Science
How is overfitting detected in a model? (example 122),Data Science
How does a confusion matrix work? (example 123),Data Science
What are the common evaluation metrics for classification? (example 124),Data Science
Describe the process of data cleaning in data science. (example 125),Data Science
How is overfitting detected in a model? (example 126),Data Science
What are the common evaluation metrics for classification? (example 127),Data Science
Explain the purpose of feature scaling in machine learning. (example 128),Data Science
What is the difference between supervised and unsupervised learning? (example 129),Data Science
Describe the process of data cleaning in data science. (example 130),Data Science
How does a confusion matrix work? (example 131),Data Science
How is overfitting detected in a model? (example 132),Data Science
What are the common evaluation metrics for classification? (example 133),Data Science
How is overfitting detected in a model? (example 134),Data Science
What are decision trees and how do they work? (example 135),Data Science
How does a confusion matrix work? (example 136),Data Science
What is the bias-variance tradeoff? (example 137),Data Science
Describe the process of data cleaning in data science. (example 138),Data Science
What is the difference between supervised and unsupervised learning? (example 139),Data Science
Describe the process of data cleaning in data science. (example 140),Data Science
How does a confusion matrix work? (example 141),Data Science
Explain the purpose of feature scaling in machine learning. (example 142),Data Science
What are the common evaluation metrics for classification? (example 143),Data Science
Explain the purpose of feature scaling in machine learning. (example 144),Data Science
Explain cross-validation and why it is used. (example 145),Data Science
What is the bias-variance tradeoff? (example 146),Data Science
Explain cross-validation and why it is used. (example 147),Data Science
How is overfitting detected in a model? (example 148),Data Science
What is the difference between supervised and unsupervised learning? (example 149),Data Science
What is the role of pandas in data analysis? (example 150),Data Science
How is overfitting detected in a model? (example 151),Data Science
Explain cross-validation and why it is used. (example 152),Data Science
Describe the process of data cleaning in data science. (example 153),Data Science
What is the difference between supervised and unsupervised learning? (example 154),Data Science
How does a confusion matrix work? (example 155),Data Science
What is the bias-variance tradeoff? (example 156),Data Science
What is the role of pandas in data analysis? (example 157),Data Science
What are decision trees and how do they work? (example 158),Data Science
What is the bias-variance tradeoff? (example 159),Data Science
What is the difference between supervised and unsupervised learning? (example 160),Data Science
What is the role of pandas in data analysis? (example 161),Data Science
What are decision trees and how do they work? (example 162),Data Science
How does a confusion matrix work? (example 163),Data Science
What is the bias-variance tradeoff? (example 164),Data Science
What is the bias-variance tradeoff? (example 165),Data Science
What is the difference between supervised and unsupervised learning? (example 166),Data Science
What is the bias-variance tradeoff? (example 167),Data Science
What is the bias-variance tradeoff? (example 168),Data Science
Describe the process of data cleaning in data science. (example 169),Data Science
Explain cross-validation and why it is used. (example 170),Data Science
How does a confusion matrix work? (example 171),Data Science
What is the bias-variance tradeoff? (example 172),Data Science
How does a confusion matrix work? (example 173),Data Science
What is the difference between supervised and unsupervised learning? (example 174),Data Science
What are decision trees and how do they work? (example 175),Data Science
What are the common evaluation metrics for classification? (example 176),Data Science
Explain the purpose of feature scaling in machine learning. (example 177),Data Science
How is overfitting detected in a model? (example 178),Data Science
What is the difference between supervised and unsupervised learning? (example 179),Data Science
What is the role of pandas in data analysis? (example 180),Data Science
What is the role of pandas in data analysis? (example 181),Data Science
What is the difference between supervised and unsupervised learning? (example 182),Data Science
What are the common evaluation metrics for classification? (example 183),Data Science
What is the bias-variance tradeoff? (example 184),Data Science
What are the common evaluation metrics for classification? (example 185),Data Science
How does a confusion matrix work? (example 186),Data Science
What is the role of pandas in data analysis? (example 187),Data Science
How does a confusion matrix work? (example 188),Data Science
What is the difference between supervised and unsupervised learning? (example 189),Data Science
How is overfitting detected in a model? (example 190),Data Science
How does a confusion matrix work? (example 191),Data Science
What is the role of pandas in data analysis? (example 192),Data Science
Describe the process of data cleaning in data science. (example 193),Data Science
What are decision trees and how do they work? (example 194),Data Science
What is the difference between supervised and unsupervised learning? (example 195),Data Science
What are decision trees and how do they work? (example 196),Data Science
Describe the process of data cleaning in data science. (example 197),Data Science
Explain cross-validation and why it is used. (example 198),Data Science
What are decision trees and how do they work? (example 199),Data Science
What is the role of pandas in data analysis? (example 200),Data Science
How is overfitting detected in a model? (example 201),Data Science
What is the difference between supervised and unsupervised learning? (example 202),Data Science
Explain the purpose of feature scaling in machine learning. (example 203),Data Science
Explain cross-validation and why it is used. (example 204),Data Science
Explain cross-validation and why it is used. (example 205),Data Science
What is the difference between supervised and unsupervised learning? (example 206),Data Science
How is overfitting detected in a model? (example 207),Data Science
Explain the purpose of feature scaling in machine learning. (example 208),Data Science
Explain cross-validation and why it is used. (example 209),Data Science
Describe the process of data cleaning in data science. (example 210),Data Science
How is overfitting detected in a model? (example 211),Data Science
How does a confusion matrix work? (example 212),Data Science
How is overfitting detected in a model? (example 213),Data Science
Explain the purpose of feature scaling in machine learning. (example 214),Data Science
What is the bias-variance tradeoff? (example 215),Data Science
What is the role of pandas in data analysis? (example 216),Data Science
What are decision trees and how do they work? (example 217),Data Science
What are the common evaluation metrics for classification? (example 218),Data Science
Describe the process of data cleaning in data science. (example 219),Data Science
Describe the process of data cleaning in data science. (example 220),Data Science
What is the bias-variance tradeoff? (example 221),Data Science
How is overfitting detected in a model? (example 222),Data Science
What is the bias-variance tradeoff? (example 223),Data Science
What is the difference between supervised and unsupervised learning? (example 224),Data Science
What are decision trees and how do they work? (example 225),Data Science
What are the common evaluation metrics for classification? (example 226),Data Science
What is the bias-variance tradeoff? (example 227),Data Science
What is the role of pandas in data analysis? (example 228),Data Science
What is the bias-variance tradeoff? (example 229),Data Science
What are the common evaluation metrics for classification? (example 230),Data Science
How does a confusion matrix work? (example 231),Data Science
What is the role of pandas in data analysis? (example 232),Data Science
How does a confusion matrix work? (example 233),Data Science
What are decision trees and how do they work? (example 234),Data Science
What is the difference between supervised and unsupervised learning? (example 235),Data Science
What is the role of pandas in data analysis? (example 236),Data Science
What is the bias-variance tradeoff? (example 237),Data Science
Explain the purpose of feature scaling in machine learning. (example 238),Data Science
Explain the purpose of feature scaling in machine learning. (example 239),Data Science
Describe phishing and how to prevent it. (example 0),Cybersecurity
How does a firewall protect a network? (example 1),Cybersecurity
What is penetration testing? (example 2),Cybersecurity
How does a firewall protect a network? (example 3),Cybersecurity
What is penetration testing? (example 4),Cybersecurity
Explain the concept of authentication vs authorization. (example 5),Cybersecurity
What is the principle of least privilege? (example 6),Cybersecurity
What is the principle of least privilege? (example 7),Cybersecurity
What is penetration testing? (example 8),Cybersecurity
Describe phishing and how to prevent it. (example 9),Cybersecurity
What is a VPN and how does it work? (example 10),Cybersecurity
How does a firewall protect a network? (example 11),Cybersecurity
What are common types of malware? (example 12),Cybersecurity
What is the difference between symmetric and asymmetric encryption? (example 13),Cybersecurity
How does a firewall protect a network? (example 14),Cybersecurity
What is the difference between symmetric and asymmetric encryption? (example 15),Cybersecurity
What are common types of malware? (example 16),Cybersecurity
Explain the concept of authentication vs authorization. (example 17),Cybersecurity
What are common types of malware? (example 18),Cybersecurity
What is a VPN and how does it work? (example 19),Cybersecurity
Explain the concept of authentication vs authorization. (example 20),Cybersecurity
What are common types of malware? (example 21),Cybersecurity
What are common types of malware? (example 22),Cybersecurity
Explain the concept of authentication vs authorization. (example 23),Cybersecurity
What is the difference between symmetric and asymmetric encryption? (example 24),Cybersecurity
What is a VPN and how does it work? (example 25),Cybersecurity
What are common types of malware? (example 26),Cybersecurity
What is penetration testing? (example 27),Cybersecurity
Explain what a DDoS attack is. (example 28),Cybersecurity
Explain what a DDoS attack is. (example 29),Cybersecurity
What is the principle of least privilege? (example 30),Cybersecurity
Explain what a DDoS attack is. (example 31),Cybersecurity
Explain what a DDoS attack is. (example 32),Cybersecurity
Explain the concept of authentication vs authorization. (example 33),Cybersecurity
How does HTTPS secure communication? (example 34),Cybersecurity
Describe phishing and how to prevent it. (example 35),Cybersecurity
What is the difference between symmetric and asymmetric encryption? (example 36),Cybersecurity
How does HTTPS secure communication? (example 37),Cybersecurity
What are common types of malware? (example 38),Cybersecurity
Explain what a DDoS attack is. (example 39),Cybersecurity
What are common types of malware? (example 40),Cybersecurity
How does a firewall protect a network? (example 41),Cybersecurity
What is the difference between symmetric and asymmetric encryption? (example 42),Cybersecurity
What is penetration testing? (example 43),Cybersecurity
What is penetration testing? (example 44),Cybersecurity
Explain what a DDoS attack is. (example 45),Cybersecurity
How does HTTPS secure communication? (example 46),Cybersecurity
Explain the concept of authentication vs authorization. (example 47),Cybersecurity
How does a firewall protect a network? (example 48),Cybersecurity
What is penetration testing? (example 49),Cybersecurity
Explain the concept of authentication vs authorization. (example 50),Cybersecurity
What is the difference between symmetric and asymmetric encryption? (example 51),Cybersecurity
Explain what a DDoS attack is. (example 52),Cybersecurity
What is the difference between symmetric and asymmetric encryption? (example 53),Cybersecurity
Explain what a DDoS attack is. (example 54),Cybersecurity
What is the difference between symmetric and asymmetric encryption? (example 55),Cybersecurity
How does HTTPS secure communication? (example 56),Cybersecurity
How does a firewall protect a network? (example 57),Cybersecurity
What is penetration testing? (example 58),Cybersecurity
How does HTTPS secure communication? (example 59),Cybersecurity
What is the principle of least privilege? (example 60),Cybersecurity
What is penetration testing? (example 61),Cybersecurity
What is the principle of least privilege? (example 62),Cybersecurity
Explain what a DDoS attack is. (example 63),Cybersecurity
What is penetration testing? (example 64),Cybersecurity
Describe phishing and how to prevent it. (example 65),Cybersecurity
How does a firewall protect a network? (example 66),Cybersecurity
What are common types of malware? (example 67),Cybersecurity
Explain the concept of authentication vs authorization. (example 68),Cybersecurity
How does HTTPS secure communication? (example 69),Cybersecurity
What is the difference between symmetric and asymmetric encryption? (example 70),Cybersecurity
Describe phishing and how to prevent it. (example 71),Cybersecurity
Explain the concept of authentication vs authorization. (example 72),Cybersecurity
What are common types of malware? (example 73),Cybersecurity
What is the principle of least privilege? (example 74),Cybersecurity
How does HTTPS secure communication? (example 75),Cybersecurity
Explain what a DDoS attack is. (example 76),Cybersecurity
What is a VPN and how does it work? (example 77),Cybersecurity
How does HTTPS secure communication? (example 78),Cybersecurity
How does HTTPS secure communication? (example 79),Cybersecurity
What are common types of malware? (example 80),Cybersecurity
Explain the concept of authentication vs authorization. (example 81),Cybersecurity
Explain what a DDoS attack is. (example 82),Cybersecurity
What is the difference between symmetric and asymmetric encryption? (example 83),Cybersecurity
What is the difference between symmetric and asymmetric encryption? (example 84),Cybersecurity
What is the principle of least privilege? (example 85),Cybersecurity
Explain the concept of authentication vs authorization. (example 86),Cybersecurity
What is penetration testing? (example 87),Cybersecurity
What are common types of malware? (example 88),Cybersecurity
Describe phishing and how to prevent it. (example 89),Cybersecurity
What are common types of malware? (example 90),Cybersecurity
Describe phishing and how to prevent it. (example 91),Cybersecurity
How does a firewall protect a network? (example 92),Cybersecurity
Explain the concept of authentication vs authorization. (example 93),Cybersecurity
What is the principle of least privilege? (example 94),Cybersecurity
What is penetration testing? (example 95),Cybersecurity
What is penetration testing? (example 96),Cybersecurity
How does a firewall protect a network? (example 97),Cybersecurity
How does a firewall protect a network? (example 98),Cybersecurity
How does HTTPS secure communication? (example 99),Cybersecurity
What is a VPN and how does it work? (example 100),Cybersecurity
Explain what a DDoS attack is. (example 101),Cybersecurity
Describe phishing and how to prevent it. (example 102),Cybersecurity
What is the difference between symmetric and asymmetric encryption? (example 103),Cybersecurity
Explain the concept of authentication vs authorization. (example 104),Cybersecurity
What is a VPN and how does it work? (example 105),Cybersecurity
What is the principle of least privilege? (example 106),Cybersecurity
Explain what a DDoS attack is. (example 107),Cybersecurity
How does a firewall protect a network? (example 108),Cybersecurity
Describe phishing and how to prevent it. (example 109),Cybersecurity
What is the difference between symmetric and asymmetric encryption? (example 110),Cybersecurity
What is the difference between symmetric and asymmetric encryption? (example 111),Cybersecurity
How does a firewall protect a network? (example 112),Cybersecurity
Explain the concept of authentication vs authorization. (example 113),Cybersecurity
What is penetration testing? (example 114),Cybersecurity
Explain what a DDoS attack is. (example 115),Cybersecurity
How does HTTPS secure communication? (example 116),Cybersecurity
What are common types of malware? (example 117),Cybersecurity
Explain the concept of authentication vs authorization. (example 118),Cybersecurity
What is the difference between symmetric and asymmetric encryption? (example 119),Cybersecurity
What is penetration testing? (example 120),Cybersecurity
What are common types of malware? (example 121),Cybersecurity
What is a VPN and how does it work? (example 122),Cybersecurity
How does HTTPS secure communication? (example 123),Cybersecurity
What are common types of malware? (example 124),Cybersecurity
Describe phishing and how to prevent it. (example 125),Cybersecurity
What are common types of malware? (example 126),Cybersecurity
Describe phishing and how to prevent it. (example 127),Cybersecurity
What is the difference between symmetric and asymmetric encryption? (example 128),Cybersecurity
What is a VPN and how does it work? (example 129),Cybersecurity
What is the difference between symmetric and asymmetric encryption? (example 130),Cybersecurity
How does a firewall protect a network? (example 131),Cybersecurity
How does HTTPS secure communication? (example 132),Cybersecurity
How does a firewall protect a network? (example 133),Cybersecurity
What is the principle of least privilege? (example 134),Cybersecurity
Explain the concept of authentication vs authorization. (example 135),Cybersecurity
What is the difference between symmetric and asymmetric encryption? (example 136),Cybersecurity
What is the difference between symmetric and asymmetric encryption? (example 137),Cybersecurity
How does a firewall protect a network? (example 138),Cybersecurity
What is the principle of least privilege? (example 139),Cybersecurity
Explain the concept of authentication vs authorization. (example 140),Cybersecurity
What is the principle of least privilege? (example 141),Cybersecurity
What is the difference between symmetric and asymmetric encryption? (example 142),Cybersecurity
What is a VPN and how does it work? (example 143),Cybersecurity
Explain the concept of authentication vs authorization. (example 144),Cybersecurity
What is penetration testing? (example 145),Cybersecurity
Explain the concept of authentication vs authorization. (example 146),Cybersecurity
How does a firewall protect a network? (example 147),Cybersecurity
What are common types of malware? (example 148),Cybersecurity
What is penetration testing? (example 149),Cybersecurity
Explain what a DDoS attack is. (example 150),Cybersecurity
What are common types of malware? (example 151),Cybersecurity
What is penetration testing? (example 152),Cybersecurity
What is penetration testing? (example 153),Cybersecurity
What are common types of malware? (example 154),Cybersecurity
Explain what a DDoS attack is. (example 155),Cybersecurity
What is the difference between symmetric and asymmetric encryption? (example 156),Cybersecurity
How does a firewall protect a network? (example 157),Cybersecurity
Explain the concept of authentication vs authorization. (example 158),Cybersecurity
What is the difference between symmetric and asymmetric encryption? (example 159),Cybersecurity
How does HTTPS secure communication? (example 160),Cybersecurity
Explain what a DDoS attack is. (example 161),Cybersecurity
How does a firewall protect a network? (example 162),Cybersecurity
Explain what a DDoS attack is. (example 163),Cybersecurity
What is the principle of least privilege? (example 164),Cybersecurity
How does HTTPS secure communication? (example 165),Cybersecurity
How does a firewall protect a network? (example 166),Cybersecurity
How does a firewall protect a network? (example 167),Cybersecurity
What is a VPN and how does it work? (example 168),Cybersecurity
What is penetration testing? (example 169),Cybersecurity
How does a firewall protect a network? (example 170),Cybersecurity
How does HTTPS secure communication? (example 171),Cybersecurity
What is penetration testing? (example 172),Cybersecurity
What is penetration testing? (example 173),Cybersecurity
What are common types of malware? (example 174),Cybersecurity
What are common types of malware? (example 175),Cybersecurity
Describe phishing and how to prevent it. (example 176),Cybersecurity
How does HTTPS secure communication? (example 177),Cybersecurity
How does a firewall protect a network? (example 178),Cybersecurity
What is the difference between symmetric and asymmetric encryption? (example 179),Cybersecurity
Explain what a DDoS attack is. (example 180),Cybersecurity
What is penetration testing? (example 181),Cybersecurity
Explain what a DDoS attack is. (example 182),Cybersecurity
Explain what a DDoS attack is. (example 183),Cybersecurity
What is the principle of least privilege? (example 184),Cybersecurity
What is the difference between symmetric and asymmetric encryption? (example 185),Cybersecurity
What is the principle of least privilege? (example 186),Cybersecurity
Describe phishing and how to prevent it. (example 187),Cybersecurity
What is a VPN and how does it work? (example 188),Cybersecurity
What is a VPN and how does it work? (example 189),Cybersecurity
Explain the concept of authentication vs authorization. (example 190),Cybersecurity
Explain what a DDoS attack is. (example 191),Cybersecurity
What is a VPN and how does it work? (example 192),Cybersecurity
Describe phishing and how to prevent it. (example 193),Cybersecurity
How does HTTPS secure communication? (example 194),Cybersecurity
Describe phishing and how to prevent it. (example 195),Cybersecurity
Explain what a DDoS attack is. (example 196),Cybersecurity
What is the principle of least privilege? (example 197),Cybersecurity
How does HTTPS secure communication? (example 198),Cybersecurity
What is the principle of least privilege? (example 199),Cybersecurity
What is penetration testing? (example 200),Cybersecurity
What are common types of malware? (example 201),Cybersecurity
What is the principle of least privilege? (example 202),Cybersecurity
Explain the concept of authentication vs authorization. (example 203),Cybersecurity
Explain what a DDoS attack is. (example 204),Cybersecurity
What are common types of malware? (example 205),Cybersecurity
How does a firewall protect a network? (example 206),Cybersecurity
What is a VPN and how does it work? (example 207),Cybersecurity
What is a VPN and how does it work? (example 208),Cybersecurity
Explain the concept of authentication vs authorization. (example 209),Cybersecurity
What is a VPN and how does it work? (example 210),Cybersecurity
How does HTTPS secure communication? (example 211),Cybersecurity
What is penetration testing? (example 212),Cybersecurity
How does HTTPS secure communication? (example 213),Cybersecurity
How does a firewall protect a network? (example 214),Cybersecurity
Explain what a DDoS attack is. (example 215),Cybersecurity
What are common types of malware? (example 216),Cybersecurity
Explain what a DDoS attack is. (example 217),Cybersecurity
How does HTTPS secure communication? (example 218),Cybersecurity
How does HTTPS secure communication? (example 219),Cybersecurity
How does a firewall protect a network? (example 220),Cybersecurity
What is the principle of least privilege? (example 221),Cybersecurity
Describe phishing and how to prevent it. (example 222),Cybersecurity
What is penetration testing? (example 223),Cybersecurity
How does HTTPS secure communication? (example 224),Cybersecurity
How does HTTPS secure communication? (example 225),Cybersecurity
Explain the concept of authentication vs authorization. (example 226),Cybersecurity
How does a firewall protect a network? (example 227),Cybersecurity
What is the difference between symmetric and asymmetric encryption? (example 228),Cybersecurity
How does a firewall protect a network? (example 229),Cybersecurity
What is a VPN and how does it work? (example 230),Cybersecurity
What is the difference between symmetric and asymmetric encryption? (example 231),Cybersecurity
How does a firewall protect a network? (example 232),Cybersecurity
What is the principle of least privilege? (example 233),Cybersecurity
What is penetration testing? (example 234),Cybersecurity
What is penetration testing? (example 235),Cybersecurity
What is a VPN and how does it work? (example 236),Cybersecurity
What are common types of malware? (example 237),Cybersecurity
What is a VPN and how does it work? (example 238),Cybersecurity
What are common types of malware? (example 239),Cybersecurity
How does React differ from Vue.js? (example 0),Web Development
How do CSS flexbox and grid differ? (example 1),Web Development
Explain how cookies and sessions work. (example 2),Web Development
Explain the concept of responsive design. (example 3),Web Development
What is the difference between HTML and HTML5? (example 4),Web Development
How do CSS flexbox and grid differ? (example 5),Web Development
"What are HTTP status codes 200, 404, and 500? (example 6)",Web Development
How does React differ from Vue.js? (example 7),Web Development
How do CSS flexbox and grid differ? (example 8),Web Development
What is the purpose of REST APIs? (example 9),Web Development
What is the role of JavaScript in web development? (example 10),Web Development
Explain how cookies and sessions work. (example 11),Web Development
What is the difference between HTML and HTML5? (example 12),Web Development
What is the purpose of REST APIs? (example 13),Web Development
What is the role of JavaScript in web development? (example 14),Web Development
Explain how cookies and sessions work. (example 15),Web Development
Explain the concept of responsive design. (example 16),Web Development
What is the purpose of REST APIs? (example 17),Web Development
What is the purpose of REST APIs? (example 18),Web Development
How does React differ from Vue.js? (example 19),Web Development
"What are HTTP status codes 200, 404, and 500? (example 20)",Web Development
Explain how cookies and sessions work. (example 21),Web Development
What is the role of JavaScript in web development? (example 22),Web Development
How do CSS flexbox and grid differ? (example 23),Web Development
How does React differ from Vue.js? (example 24),Web Development
Explain how cookies and sessions work. (example 25),Web Development
What is the difference between HTML and HTML5? (example 26),Web Development
How do CSS flexbox and grid differ? (example 27),Web Development
How do CSS flexbox and grid differ? (example 28),Web Development
How does React differ from Vue.js? (example 29),Web Development
How does React differ from Vue.js? (example 30),Web Development
Explain how cookies and sessions work. (example 31),Web Development
What is the purpose of REST APIs? (example 32),Web Development
Explain how cookies and sessions work. (example 33),Web Development
How do CSS flexbox and grid differ? (example 34),Web Development
What is the purpose of REST APIs? (example 35),Web Development
Explain the concept of responsive design. (example 36),Web Development
What is the purpose of REST APIs? (example 37),Web Development
How does React differ from Vue.js? (example 38),Web Development
How do CSS flexbox and grid differ? (example 39),Web Development
Explain the concept of responsive design. (example 40),Web Development
"What are HTTP status codes 200, 404, and 500? (example 41)",Web Development
How does React differ from Vue.js? (example 42),Web Development
What is the difference between GET and POST methods? (example 43),Web Development
What is the purpose of REST APIs? (example 44),Web Development
What is the difference between HTML and HTML5? (example 45),Web Development
Explain how cookies and sessions work. (example 46),Web Development
What is the purpose of REST APIs? (example 47),Web Development
What is the role of JavaScript in web development? (example 48),Web Development
Explain how cookies and sessions work. (example 49),Web Development
What is the purpose of REST APIs? (example 50),Web Development
Explain the concept of responsive design. (example 51),Web Development
What is the role of JavaScript in web development? (example 52),Web Development
How do CSS flexbox and grid differ? (example 53),Web Development
What is the difference between HTML and HTML5? (example 54),Web Development
What is the difference between GET and POST methods? (example 55),Web Development
What is the role of JavaScript in web development? (example 56),Web Development
What is the purpose of REST APIs? (example 57),Web Development
What is the DOM and how is it manipulated? (example 58),Web Development
Explain the concept of responsive design. (example 59),Web Development
What is the difference between GET and POST methods? (example 60),Web Development
How do CSS flexbox and grid differ? (example 61),Web Development
Explain how cookies and sessions work. (example 62),Web Development
How does React differ from Vue.js? (example 63),Web Development
How does React differ from Vue.js? (example 64),Web Development
What is the DOM and how is it manipulated? (example 65),Web Development
How does React differ from Vue.js? (example 66),Web Development
What is the difference between GET and POST methods? (example 67),Web Development
Explain how cookies and sessions work. (example 68),Web Development
How do CSS flexbox and grid differ? (example 69),Web Development
"What are HTTP status codes 200, 404, and 500? (example 70)",Web Development
"What are HTTP status codes 200, 404, and 500? (example 71)",Web Development
"What are HTTP status codes 200, 404, and 500? (example 72)",Web Development
What is the purpose of REST APIs? (example 73),Web Development
Explain how cookies and sessions work. (example 74),Web Development
What is the role of JavaScript in web development? (example 75),Web Development
What is the purpose of REST APIs? (example 76),Web Development
Explain how cookies and sessions work. (example 77),Web Development
Explain the concept of responsive design. (example 78),Web Development
What is the purpose of REST APIs? (example 79),Web Development
What is the role of JavaScript in web development? (example 80),Web Development
How do CSS flexbox and grid differ? (example 81),Web Development
Explain the concept of responsive design. (example 82),Web Development
What is the DOM and how is it manipulated? (example 83),Web Development
What is the difference between GET and POST methods? (example 84),Web Development
What is the difference between GET and POST methods? (example 85),Web Development
Explain the concept of responsive design. (example 86),Web Development
Explain how cookies and sessions work. (example 87),Web Development
Explain how cookies and sessions work. (example 88),Web Development
What is the DOM and how is it manipulated? (example 89),Web Development
Explain the concept of responsive design. (example 90),Web Development
What is the DOM and how is it manipulated? (example 91),Web Development
How does React differ from Vue.js? (example 92),Web Development
What is the DOM and how is it manipulated? (example 93),Web Development
How do CSS flexbox and grid differ? (example 94),Web Development
Explain the concept of responsive design. (example 95),Web Development
Explain the concept of responsive design. (example 96),Web Development
What is the difference between GET and POST methods? (example 97),Web Development
What is the difference between GET and POST methods? (example 98),Web Development
What is the difference between HTML and HTML5? (example 99),Web Development
What is the purpose of REST APIs? (example 100),Web Development
What is the DOM and how is it manipulated? (example 101),Web Development
What is the role of JavaScript in web development? (example 102),Web Development
Explain the concept of responsive design. (example 103),Web Development
Explain the concept of responsive design. (example 104),Web Development
What is the DOM and how is it manipulated? (example 105),Web Development
What is the purpose of REST APIs? (example 106),Web Development
Explain how cookies and sessions work. (example 107),Web Development
How does React differ from Vue.js? (example 108),Web Development
What is the role of JavaScript in web development? (example 109),Web Development
"What are HTTP status codes 200, 404, and 500? (example 110)",Web Development
What is the DOM and how is it manipulated? (example 111),Web Development
"What are HTTP status codes 200, 404, and 500? (example 112)",Web Development
What is the difference between HTML and HTML5? (example 113),Web Development
What is the DOM and how is it manipulated? (example 114),Web Development
What is the purpose of REST APIs? (example 115),Web Development
What is the difference between HTML and HTML5? (example 116),Web Development
What is the difference between GET and POST methods? (example 117),Web Development
What is the purpose of REST APIs? (example 118),Web Development
What is the purpose of REST APIs? (example 119),Web Development
"What are HTTP status codes 200, 404, and 500? (example 120)",Web Development
What is the DOM and how is it manipulated? (example 121),Web Development
What is the role of JavaScript in web development? (example 122),Web Development
How do CSS flexbox and grid differ? (example 123),Web Development
What is the role of JavaScript in web development? (example 124),Web Development
Explain how cookies and sessions work. (example 125),Web Development
What is the difference between GET and POST methods? (example 126),Web Development
Explain how cookies and sessions work. (example 127),Web Development
"What are HTTP status codes 200, 404, and 500? (example 128)",Web Development
How does React differ from Vue.js? (example 129),Web Development
Explain the concept of responsive design. (example 130),Web Development
Explain the concept of responsive design. (example 131),Web Development
What is the DOM and how is it manipulated? (example 132),Web Development
Explain the concept of responsive design. (example 133),Web Development
What is the role of JavaScript in web development? (example 134),Web Development
How do CSS flexbox and grid differ? (example 135),Web Development
Explain how cookies and sessions work. (example 136),Web Development
What is the DOM and how is it manipulated? (example 137),Web Development
What is the difference between GET and POST methods? (example 138),Web Development
What is the role of JavaScript in web development? (example 139),Web Development
"What are HTTP status codes 200, 404, and 500? (example 140)",Web Development
What is the difference between HTML and HTML5? (example 141),Web Development
How do CSS flexbox and grid differ? (example 142),Web Development
What is the DOM and how is it manipulated? (example 143),Web Development
Explain how cookies and sessions work. (example 144),Web Development
What is the role of JavaScript in web development? (example 145),Web Development
Explain the concept of responsive design. (example 146),Web Development
What is the DOM and how is it manipulated? (example 147),Web Development
Explain how cookies and sessions work. (example 148),Web Development
What is the difference between GET and POST methods? (example 149),Web Development
"What are HTTP status codes 200, 404, and 500? (example 150)",Web Development
How do CSS flexbox and grid differ? (example 151),Web Development
What is the DOM and how is it manipulated? (example 152),Web Development
"What are HTTP status codes 200, 404, and 500? (example 153)",Web Development
Explain the concept of responsive design. (example 154),Web Development
"What are HTTP status codes 200, 404, and 500? (example 155)",Web Development
How does React differ from Vue.js? (example 156),Web Development
What is the DOM and how is it manipulated? (example 157),Web Development
How do CSS flexbox and grid differ? (example 158),Web Development
Explain the concept of responsive design. (example 159),Web Development
What is the difference between GET and POST methods? (example 160),Web Development
"What are HTTP status codes 200, 404, and 500? (example 161)",Web Development
What is the difference between GET and POST methods? (example 162),Web Development
What is the difference between HTML and HTML5? (example 163),Web Development
How do CSS flexbox and grid differ? (example 164),Web Development
What is the difference between HTML and HTML5? (example 165),Web Development
How does React differ from Vue.js? (example 166),Web Development
"What are HTTP status codes 200, 404, and 500? (example 167)",Web Development
How does React differ from Vue.js? (example 168),Web Development
"What are HTTP status codes 200, 404, and 500? (example 169)",Web Development
What is the difference between GET and POST methods? (example 170),Web Development
How does React differ from Vue.js? (example 171),Web Development
How does React differ from Vue.js? (example 172),Web Development
What is the DOM and how is it manipulated? (example 173),Web Development
How do CSS flexbox and grid differ? (example 174),Web Development
Explain how cookies and sessions work. (example 175),Web Development
What is the difference between HTML and HTML5? (example 176),Web Development
Explain the concept of responsive design. (example 177),Web Development
What is the purpose of REST APIs? (example 178),Web Development
How does React differ from Vue.js? (example 179),Web Development
What is the difference between HTML and HTML5? (example 180),Web Development
Explain the concept of responsive design. (example 181),Web Development
What is the difference between HTML and HTML5? (example 182),Web Development
What is the difference between HTML and HTML5? (example 183),Web Development
How do CSS flexbox and grid differ? (example 184),Web Development
Explain how cookies and sessions work. (example 185),Web Development
Explain how cookies and sessions work. (example 186),Web Development
How does React differ from Vue.js? (example 187),Web Development
What is the difference between GET and POST methods? (example 188),Web Development
What is the difference between GET and POST methods? (example 189),Web Development
Explain the concept of responsive design. (example 190),Web Development
What is the difference between HTML and HTML5? (example 191),Web Development
"What are HTTP status codes 200, 404, and 500? (example 192)",Web Development
How do CSS flexbox and grid differ? (example 193),Web Development
What is the purpose of REST APIs? (example 194),Web Development
What is the difference between GET and POST methods? (example 195),Web Development
Explain the concept of responsive design. (example 196),Web Development
What is the difference between GET and POST methods? (example 197),Web Development
Explain how cookies and sessions work. (example 198),Web Development
What is the DOM and how is it manipulated? (example 199),Web Development
What is the purpose of REST APIs? (example 200),Web Development
Explain the concept of responsive design. (example 201),Web Development
"What are HTTP status codes 200, 404, and 500? (example 202)",Web Development
"What are HTTP status codes 200, 404, and 500? (example 203)",Web Development
What is the DOM and how is it manipulated? (example 204),Web Development
What is the difference between HTML and HTML5? (example 205),Web Development
"What are HTTP status codes 200, 404, and 500? (example 206)",Web Development
What is the DOM and how is it manipulated? (example 207),Web Development
"What are HTTP status codes 200, 404, and 500? (example 208)",Web Development
"What are HTTP status codes 200, 404, and 500? (example 209)",Web Development
What is the difference between GET and POST methods? (example 210),Web Development
How do CSS flexbox and grid differ? (example 211),Web Development
What is the purpose of REST APIs? (example 212),Web Development
What is the difference between HTML and HTML5? (example 213),Web Development
What is the difference between GET and POST methods? (example 214),Web Development
What is the difference between HTML and HTML5? (example 215),Web Development
How does React differ from Vue.js? (example 216),Web Development
What is the difference between HTML and HTML5? (example 217),Web Development
"What are HTTP status codes 200, 404, and 500? (example 218)",Web Development
What is the purpose of REST APIs? (example 219),Web Development
What is the difference between HTML and HTML5? (example 220),Web Development
How does React differ from Vue.js? (example 221),Web Development
How does React differ from Vue.js? (example 222),Web Development
Explain how cookies and sessions work. (example 223),Web Development
"What are HTTP status codes 200, 404, and 500? (example 224)",Web Development
What is the DOM and how is it manipulated? (example 225),Web Development
What is the DOM and how is it manipulated? (example 226),Web Development
How do CSS flexbox and grid differ? (example 227),Web Development
How do CSS flexbox and grid differ? (example 228),Web Development
How do CSS flexbox and grid differ? (example 229),Web Development
Explain how cookies and sessions work. (example 230),Web Development
What is the difference between GET and POST methods? (example 231),Web Development
How does React differ from Vue.js? (example 232),Web Development
"What are HTTP status codes 200, 404, and 500? (example 233)",Web Development
"What are HTTP status codes 200, 404, and 500? (example 234)",Web Development
What is the DOM and how is it manipulated? (example 235),Web Development
What is the DOM and how is it manipulated? (example 236),Web Development
What is the role of JavaScript in web development? (example 237),Web Development
What is the DOM and how is it manipulated? (example 238),Web Development
How do CSS flexbox and grid differ? (example 239),Web Development
How can you automate testing in DevOps pipelines? (example 0),DevOps
What is container orchestration? (example 1),DevOps
Explain the concept of Infrastructure as Code. (example 2),DevOps
What is continuous integration? (example 3),DevOps
How does Docker improve software deployment? (example 4),DevOps
What is Kubernetes used for? (example 5),DevOps
Describe the CI/CD pipeline process. (example 6),DevOps
What is continuous integration? (example 7),DevOps
Explain the concept of Infrastructure as Code. (example 8),DevOps
Describe the CI/CD pipeline process. (example 9),DevOps
Describe the CI/CD pipeline process. (example 10),DevOps
What is continuous integration? (example 11),DevOps
Describe the CI/CD pipeline process. (example 12),DevOps
How is monitoring handled in DevOps? (example 13),DevOps
Describe the CI/CD pipeline process. (example 14),DevOps
What is the difference between Jenkins and GitHub Actions? (example 15),DevOps
Describe the CI/CD pipeline process. (example 16),DevOps
What is the difference between Jenkins and GitHub Actions? (example 17),DevOps
What is Kubernetes used for? (example 18),DevOps
Explain the concept of Infrastructure as Code. (example 19),DevOps
Explain the concept of Infrastructure as Code. (example 20),DevOps
What is Kubernetes used for? (example 21),DevOps
What is container orchestration? (example 22),DevOps
Explain the concept of Infrastructure as Code. (example 23),DevOps
How can you automate testing in DevOps pipelines? (example 24),DevOps
What is Kubernetes used for? (example 25),DevOps
Explain the concept of Infrastructure as Code. (example 26),DevOps
What is the difference between Jenkins and GitHub Actions? (example 27),DevOps
How is monitoring handled in DevOps? (example 28),DevOps
Explain the concept of Infrastructure as Code. (example 29),DevOps
Describe the CI/CD pipeline process. (example 30),DevOps
What is Kubernetes used for? (example 31),DevOps
How can you automate testing in DevOps pipelines? (example 32),DevOps
What is container orchestration? (example 33),DevOps
What is continuous integration? (example 34),DevOps
What is Kubernetes used for? (example 35),DevOps
What is container orchestration? (example 36),DevOps
What is continuous integration? (example 37),DevOps
Describe the CI/CD pipeline process. (example 38),DevOps
How can you automate testing in DevOps pipelines? (example 39),DevOps
What is container orchestration? (example 40),DevOps
How is monitoring handled in DevOps? (example 41),DevOps
How does Docker improve software deployment? (example 42),DevOps
What are the benefits of version control systems? (example 43),DevOps
What is container orchestration? (example 44),DevOps
What are the benefits of version control systems? (example 45),DevOps
How can you automate testing in DevOps pipelines? (example 46),DevOps
How is monitoring handled in DevOps? (example 47),DevOps
Explain the concept of Infrastructure as Code. (example 48),DevOps
How is monitoring handled in DevOps? (example 49),DevOps
What are the benefits of version control systems? (example 50),DevOps
What is the difference between Jenkins and GitHub Actions? (example 51),DevOps
What is continuous integration? (example 52),DevOps
What is continuous integration? (example 53),DevOps
What is container orchestration? (example 54),DevOps
What is continuous integration? (example 55),DevOps
What is Kubernetes used for? (example 56),DevOps
What are the benefits of version control systems? (example 57),DevOps
Describe the CI/CD pipeline process. (example 58),DevOps
What is the difference between Jenkins and GitHub Actions? (example 59),DevOps
How does Docker improve software deployment? (example 60),DevOps
What is Kubernetes used for? (example 61),DevOps
What is the difference between Jenkins and GitHub Actions? (example 62),DevOps
How does Docker improve software deployment? (example 63),DevOps
What are the benefits of version control systems? (example 64),DevOps
What are the benefits of version control systems? (example 65),DevOps
What is continuous integration? (example 66),DevOps
How is monitoring handled in DevOps? (example 67),DevOps
Explain the concept of Infrastructure as Code. (example 68),DevOps
How is monitoring handled in DevOps? (example 69),DevOps
What is the difference between Jenkins and GitHub Actions? (example 70),DevOps
What is container orchestration? (example 71),DevOps
How can you automate testing in DevOps pipelines? (example 72),DevOps
How is monitoring handled in DevOps? (example 73),DevOps
How is monitoring handled in DevOps? (example 74),DevOps
How does Docker improve software deployment? (example 75),DevOps
How can you automate testing in DevOps pipelines? (example 76),DevOps
How does Docker improve software deployment? (example 77),DevOps
What is container orchestration? (example 78),DevOps
What is the difference between Jenkins and GitHub Actions? (example 79),DevOps
How is monitoring handled in DevOps? (example 80),DevOps
What are the benefits of version control systems? (example 81),DevOps
How can you automate testing in DevOps pipelines? (example 82),DevOps
What is the difference between Jenkins and GitHub Actions? (example 83),DevOps
What is the difference between Jenkins and GitHub Actions? (example 84),DevOps
Explain the concept of Infrastructure as Code. (example 85),DevOps
What are the benefits of version control systems? (example 86),DevOps
How is monitoring handled in DevOps? (example 87),DevOps
How is monitoring handled in DevOps? (example 88),DevOps
Describe the CI/CD pipeline process. (example 89),DevOps
What is continuous integration? (example 90),DevOps
How can you automate testing in DevOps pipelines? (example 91),DevOps
What is the difference between Jenkins and GitHub Actions? (example 92),DevOps
Explain the concept of Infrastructure as Code. (example 93),DevOps
What is continuous integration? (example 94),DevOps
How is monitoring handled in DevOps? (example 95),DevOps
How can you automate testing in DevOps pipelines? (example 96),DevOps
What is continuous integration? (example 97),DevOps
What are the benefits of version control systems? (example 98),DevOps
How is monitoring handled in DevOps? (example 99),DevOps
What is continuous integration? (example 100),DevOps
What is continuous integration? (example 101),DevOps
Describe the CI/CD pipeline process. (example 102),DevOps
How does Docker improve software deployment? (example 103),DevOps
What are the benefits of version control systems? (example 104),DevOps
What is Kubernetes used for? (example 105),DevOps
How can you automate testing in DevOps pipelines? (example 106),DevOps
Describe the CI/CD pipeline process. (example 107),DevOps
What is the difference between Jenkins and GitHub Actions? (example 108),DevOps
How is monitoring handled in DevOps? (example 109),DevOps
What is Kubernetes used for? (example 110),DevOps
What is container orchestration? (example 111),DevOps
What are the benefits of version control systems? (example 112),DevOps
What is the difference between Jenkins and GitHub Actions? (example 113),DevOps
What are the benefits of version control systems? (example 114),DevOps
How can you automate testing in DevOps pipelines? (example 115),DevOps
What is the difference between Jenkins and GitHub Actions? (example 116),DevOps
Describe the CI/CD pipeline process. (example 117),DevOps
What is Kubernetes used for? (example 118),DevOps
What is the difference between Jenkins and GitHub Actions? (example 119),DevOps
What is the difference between Jenkins and GitHub Actions? (example 120),DevOps
What is Kubernetes used for? (example 121),DevOps
What is continuous integration? (example 122),DevOps
What are the benefits of version control systems? (example 123),DevOps
Explain the concept of Infrastructure as Code. (example 124),DevOps
How does Docker improve software deployment? (example 125),DevOps
What is container orchestration? (example 126),DevOps
Describe the CI/CD pipeline process. (example 127),DevOps
Describe the CI/CD pipeline process. (example 128),DevOps
Explain the concept of Infrastructure as Code. (example 129),DevOps
Describe the CI/CD pipeline process. (example 130),DevOps
How is monitoring handled in DevOps? (example 131),DevOps
What is Kubernetes used for? (example 132),DevOps
How is monitoring handled in DevOps? (example 133),DevOps
How can you automate testing in DevOps pipelines? (example 134),DevOps
Explain the concept of Infrastructure as Code. (example 135),DevOps
What is Kubernetes used for? (example 136),DevOps
What is continuous integration? (example 137),DevOps
What is container orchestration? (example 138),DevOps
What is Kubernetes used for? (example 139),DevOps
How can you automate testing in DevOps pipelines? (example 140),DevOps
Explain the concept of Infrastructure as Code. (example 141),DevOps
What is container orchestration? (example 142),DevOps
How can you automate testing in DevOps pipelines? (example 143),DevOps
What are the benefits of version control systems? (example 144),DevOps
What is the difference between Jenkins and GitHub Actions? (example 145),DevOps
What are the benefits of version control systems? (example 146),DevOps
What is container orchestration? (example 147),DevOps
How does Docker improve software deployment? (example 148),DevOps
How is monitoring handled in DevOps? (example 149),DevOps
What is the difference between Jenkins and GitHub Actions? (example 150),DevOps
How can you automate testing in DevOps pipelines? (example 151),DevOps
How can you automate testing in DevOps pipelines? (example 152),DevOps
What is Kubernetes used for? (example 153),DevOps
What are the benefits of version control systems? (example 154),DevOps
What is the difference between Jenkins and GitHub Actions? (example 155),DevOps
How is monitoring handled in DevOps? (example 156),DevOps
What is the difference between Jenkins and GitHub Actions? (example 157),DevOps
How can you automate testing in DevOps pipelines? (example 158),DevOps
How can you automate testing in DevOps pipelines? (example 159),DevOps
What is container orchestration? (example 160),DevOps
What is continuous integration? (example 161),DevOps
How can you automate testing in DevOps pipelines? (example 162),DevOps
How is monitoring handled in DevOps? (example 163),DevOps
What is Kubernetes used for? (example 164),DevOps
How can you automate testing in DevOps pipelines? (example 165),DevOps
Describe the CI/CD pipeline process. (example 166),DevOps
What are the benefits of version control systems? (example 167),DevOps
What are the benefits of version control systems? (example 168),DevOps
What is continuous integration? (example 169),DevOps
How can you automate testing in DevOps pipelines? (example 170),DevOps
Describe the CI/CD pipeline process. (example 171),DevOps
Explain the concept of Infrastructure as Code. (example 172),DevOps
How is monitoring handled in DevOps? (example 173),DevOps
How does Docker improve software deployment? (example 174),DevOps
What is continuous integration? (example 175),DevOps
How does Docker improve software deployment? (example 176),DevOps
How can you automate testing in DevOps pipelines? (example 177),DevOps
What is Kubernetes used for? (example 178),DevOps
What is Kubernetes used for? (example 179),DevOps
What are the benefits of version control systems? (example 180),DevOps
What is continuous integration? (example 181),DevOps
What is container orchestration? (example 182),DevOps
How is monitoring handled in DevOps? (example 183),DevOps
How does Docker improve software deployment? (example 184),DevOps
What is Kubernetes used for? (example 185),DevOps
Explain the concept of Infrastructure as Code. (example 186),DevOps
Explain the concept of Infrastructure as Code. (example 187),DevOps
How does Docker improve software deployment? (example 188),DevOps
How is monitoring handled in DevOps? (example 189),DevOps
What is the difference between Jenkins and GitHub Actions? (example 190),DevOps
What is container orchestration? (example 191),DevOps
How can you automate testing in DevOps pipelines? (example 192),DevOps
How is monitoring handled in DevOps? (example 193),DevOps
How does Docker improve software deployment? (example 194),DevOps
What is Kubernetes used for? (example 195),DevOps
Explain the concept of Infrastructure as Code. (example 196),DevOps
How is monitoring handled in DevOps? (example 197),DevOps
What is container orchestration? (example 198),DevOps
What is continuous integration? (example 199),DevOps
What is continuous integration? (example 200),DevOps
What is the difference between Jenkins and GitHub Actions? (example 201),DevOps
What is container orchestration? (example 202),DevOps
How does Docker improve software deployment? (example 203),DevOps
What are the benefits of version control systems? (example 204),DevOps
Explain the concept of Infrastructure as Code. (example 205),DevOps
What is the difference between Jenkins and GitHub Actions? (example 206),DevOps
How is monitoring handled in DevOps? (example 207),DevOps
What are the benefits of version control systems? (example 208),DevOps
What is Kubernetes used for? (example 209),DevOps
How is monitoring handled in DevOps? (example 210),DevOps
What is the difference between Jenkins and GitHub Actions? (example 211),DevOps
What is continuous integration? (example 212),DevOps
What are the benefits of version control systems? (example 213),DevOps
How is monitoring handled in DevOps? (example 214),DevOps
How does Docker improve software deployment? (example 215),DevOps
What is Kubernetes used for? (example 216),DevOps
How can you automate testing in DevOps pipelines? (example 217),DevOps
What are the benefits of version control systems? (example 218),DevOps
What is the difference between Jenkins and GitHub Actions? (example 219),DevOps
How can you automate testing in DevOps pipelines? (example 220),DevOps
What is Kubernetes used for? (example 221),DevOps
How is monitoring handled in DevOps? (example 222),DevOps
Describe the CI/CD pipeline process. (example 223),DevOps
What is Kubernetes used for? (example 224),DevOps
How can you automate testing in DevOps pipelines? (example 225),DevOps
What is container orchestration? (example 226),DevOps
What are the benefits of version control systems? (example 227),DevOps
How can you automate testing in DevOps pipelines? (example 228),DevOps
What is container orchestration? (example 229),DevOps
Explain the concept of Infrastructure as Code. (example 230),DevOps
What is container orchestration? (example 231),DevOps
How does Docker improve software deployment? (example 232),DevOps
What is continuous integration? (example 233),DevOps
How does Docker improve software deployment? (example 234),DevOps
How is monitoring handled in DevOps? (example 235),DevOps
Explain the concept of Infrastructure as Code. (example 236),DevOps
Describe the CI/CD pipeline process. (example 237),DevOps
What is Kubernetes used for? (example 238),DevOps
Describe the CI/CD pipeline process. (example 239),DevOps
What are the advantages of cloud storage? (example 0),Cloud Computing
How does Azure differ from AWS? (example 1),Cloud Computing
How does Azure differ from AWS? (example 2),Cloud Computing
Explain cloud scalability. (example 3),Cloud Computing
"Explain the difference between IaaS, PaaS, and SaaS. (example 4)",Cloud Computing
What are the advantages of cloud storage? (example 5),Cloud Computing
Explain cloud scalability. (example 6),Cloud Computing
What is virtualization in cloud computing? (example 7),Cloud Computing
What is virtualization in cloud computing? (example 8),Cloud Computing
Explain cloud scalability. (example 9),Cloud Computing
How does AWS Lambda work? (example 10),Cloud Computing
What is the function of a load balancer? (example 11),Cloud Computing
What are cloud security best practices? (example 12),Cloud Computing
What is the function of a load balancer? (example 13),Cloud Computing
What is the shared responsibility model? (example 14),Cloud Computing
What are cloud security best practices? (example 15),Cloud Computing
What are the advantages of cloud storage? (example 16),Cloud Computing
What are cloud security best practices? (example 17),Cloud Computing
What are cloud security best practices? (example 18),Cloud Computing
"Explain the difference between IaaS, PaaS, and SaaS. (example 19)",Cloud Computing
How does AWS Lambda work? (example 20),Cloud Computing
Explain cloud scalability. (example 21),Cloud Computing
"Explain the difference between IaaS, PaaS, and SaaS. (example 22)",Cloud Computing
What is the shared responsibility model? (example 23),Cloud Computing
Explain cloud scalability. (example 24),Cloud Computing
Explain cloud scalability. (example 25),Cloud Computing
What is cloud computing? (example 26),Cloud Computing
What is cloud computing? (example 27),Cloud Computing
How does AWS Lambda work? (example 28),Cloud Computing
How does Azure differ from AWS? (example 29),Cloud Computing
What is virtualization in cloud computing? (example 30),Cloud Computing
What is the shared responsibility model? (example 31),Cloud Computing
How does Azure differ from AWS? (example 32),Cloud Computing
"Explain the difference between IaaS, PaaS, and SaaS. (example 33)",Cloud Computing
How does Azure differ from AWS? (example 34),Cloud Computing
What is cloud computing? (example 35),Cloud Computing
What are cloud security best practices? (example 36),Cloud Computing
What is cloud computing? (example 37),Cloud Computing
"Explain the difference between IaaS, PaaS, and SaaS. (example 38)",Cloud Computing
"Explain the difference between IaaS, PaaS, and SaaS. (example 39)",Cloud Computing
What is the function of a load balancer? (example 40),Cloud Computing
What are the advantages of cloud storage? (example 41),Cloud Computing
What is the shared responsibility model? (example 42),Cloud Computing
What is cloud computing? (example 43),Cloud Computing
What is virtualization in cloud computing? (example 44),Cloud Computing
What are cloud security best practices? (example 45),Cloud Computing
What is cloud computing? (example 46),Cloud Computing
How does AWS Lambda work? (example 47),Cloud Computing
Explain cloud scalability. (example 48),Cloud Computing
What is the function of a load balancer? (example 49),Cloud Computing
What are the advantages of cloud storage? (example 50),Cloud Computing
How does AWS Lambda work? (example 51),Cloud Computing
What is virtualization in cloud computing? (example 52),Cloud Computing
What is the function of a load balancer? (example 53),Cloud Computing
What are cloud security best practices? (example 54),Cloud Computing
What are cloud security best practices? (example 55),Cloud Computing
"Explain the difference between IaaS, PaaS, and SaaS. (example 56)",Cloud Computing
How does AWS Lambda work? (example 57),Cloud Computing
Explain cloud scalability. (example 58),Cloud Computing
Explain cloud scalability. (example 59),Cloud Computing
What is cloud computing? (example 60),Cloud Computing
What are the advantages of cloud storage? (example 61),Cloud Computing
What is the shared responsibility model? (example 62),Cloud Computing
How does AWS Lambda work? (example 63),Cloud Computing
How does Azure differ from AWS? (example 64),Cloud Computing
How does AWS Lambda work? (example 65),Cloud Computing
Explain cloud scalability. (example 66),Cloud Computing
How does Azure differ from AWS? (example 67),Cloud Computing
What is cloud computing? (example 68),Cloud Computing
How does Azure differ from AWS? (example 69),Cloud Computing
What are cloud security best practices? (example 70),Cloud Computing
"Explain the difference between IaaS, PaaS, and SaaS. (example 71)",Cloud Computing
What is the shared responsibility model? (example 72),Cloud Computing
How does AWS Lambda work? (example 73),Cloud Computing
What is virtualization in cloud computing? (example 74),Cloud Computing
What is cloud computing? (example 75),Cloud Computing
What is the function of a load balancer? (example 76),Cloud Computing
What is virtualization in cloud computing? (example 77),Cloud Computing
What is virtualization in cloud computing? (example 78),Cloud Computing
Explain cloud scalability. (example 79),Cloud Computing
How does Azure differ from AWS? (example 80),Cloud Computing
What is cloud computing? (example 81),Cloud Computing
"Explain the difference between IaaS, PaaS, and SaaS. (example 82)",Cloud Computing
What is virtualization in cloud computing? (example 83),Cloud Computing
Explain cloud scalability. (example 84),Cloud Computing
Explain cloud scalability. (example 85),Cloud Computing
How does Azure differ from AWS? (example 86),Cloud Computing
Explain cloud scalability. (example 87),Cloud Computing
What is the function of a load balancer? (example 88),Cloud Computing
"Explain the difference between IaaS, PaaS, and SaaS. (example 89)",Cloud Computing
What are cloud security best practices? (example 90),Cloud Computing
What is the function of a load balancer? (example 91),Cloud Computing
What is the function of a load balancer? (example 92),Cloud Computing
How does Azure differ from AWS? (example 93),Cloud Computing
What is cloud computing? (example 94),Cloud Computing
How does AWS Lambda work? (example 95),Cloud Computing
How does Azure differ from AWS? (example 96),Cloud Computing
How does AWS Lambda work? (example 97),Cloud Computing
What is the function of a load balancer? (example 98),Cloud Computing
What are the advantages of cloud storage? (example 99),Cloud Computing
How does AWS Lambda work? (example 100),Cloud Computing
What are cloud security best practices? (example 101),Cloud Computing
What are the advantages of cloud storage? (example 102),Cloud Computing
How does Azure differ from AWS? (example 103),Cloud Computing
What is the shared responsibility model? (example 104),Cloud Computing
What are the advantages of cloud storage? (example 105),Cloud Computing
What is the function of a load balancer? (example 106),Cloud Computing
What are cloud security best practices? (example 107),Cloud Computing
What is the shared responsibility model? (example 108),Cloud Computing
What is the function of a load balancer? (example 109),Cloud Computing
Explain cloud scalability. (example 110),Cloud Computing
What is the shared responsibility model? (example 111),Cloud Computing
"Explain the difference between IaaS, PaaS, and SaaS. (example 112)",Cloud Computing
How does AWS Lambda work? (example 113),Cloud Computing
How does Azure differ from AWS? (example 114),Cloud Computing
How does Azure differ from AWS? (example 115),Cloud Computing
What is cloud computing? (example 116),Cloud Computing
What is virtualization in cloud computing? (example 117),Cloud Computing
How does AWS Lambda work? (example 118),Cloud Computing
What are cloud security best practices? (example 119),Cloud Computing
How does AWS Lambda work? (example 120),Cloud Computing
How does AWS Lambda work? (example 121),Cloud Computing
What is cloud computing? (example 122),Cloud Computing
What is virtualization in cloud computing? (example 123),Cloud Computing
Explain cloud scalability. (example 124),Cloud Computing
What are cloud security best practices? (example 125),Cloud Computing
What are the advantages of cloud storage? (example 126),Cloud Computing
What is the function of a load balancer? (example 127),Cloud Computing
What is the function of a load balancer? (example 128),Cloud Computing
What are the advantages of cloud storage? (example 129),Cloud Computing
What is virtualization in cloud computing? (example 130),Cloud Computing
What is the shared responsibility model? (example 131),Cloud Computing
What is the shared responsibility model? (example 132),Cloud Computing
How does Azure differ from AWS? (example 133),Cloud Computing
How does Azure differ from AWS? (example 134),Cloud Computing
How does Azure differ from AWS? (example 135),Cloud Computing
What are cloud security best practices? (example 136),Cloud Computing
What is the function of a load balancer? (example 137),Cloud Computing
What is cloud computing? (example 138),Cloud Computing
What are the advantages of cloud storage? (example 139),Cloud Computing
Explain cloud scalability. (example 140),Cloud Computing
What are the advantages of cloud storage? (example 141),Cloud Computing
What is cloud computing? (example 142),Cloud Computing
What is virtualization in cloud computing? (example 143),Cloud Computing
"Explain the difference between IaaS, PaaS, and SaaS. (example 144)",Cloud Computing
How does AWS Lambda work? (example 145),Cloud Computing
How does Azure differ from AWS? (example 146),Cloud Computing
"Explain the difference between IaaS, PaaS, and SaaS. (example 147)",Cloud Computing
How does Azure differ from AWS? (example 148),Cloud Computing
What are cloud security best practices? (example 149),Cloud Computing
What are the advantages of cloud storage? (example 150),Cloud Computing
What is the shared responsibility model? (example 151),Cloud Computing
What are the advantages of cloud storage? (example 152),Cloud Computing
What is the shared responsibility model? (example 153),Cloud Computing
How does AWS Lambda work? (example 154),Cloud Computing
Explain cloud scalability. (example 155),Cloud Computing
"Explain the difference between IaaS, PaaS, and SaaS. (example 156)",Cloud Computing
How does Azure differ from AWS? (example 157),Cloud Computing
"Explain the difference between IaaS, PaaS, and SaaS. (example 158)",Cloud Computing
What are cloud security best practices? (example 159),Cloud Computing
Explain cloud scalability. (example 160),Cloud Computing
"Explain the difference between IaaS, PaaS, and SaaS. (example 161)",Cloud Computing
How does AWS Lambda work? (example 162),Cloud Computing
What are the advantages of cloud storage? (example 163),Cloud Computing
What are cloud security best practices? (example 164),Cloud Computing
What are cloud security best practices? (example 165),Cloud Computing
What is the shared responsibility model? (example 166),Cloud Computing
What are cloud security best practices? (example 167),Cloud Computing
Explain cloud scalability. (example 168),Cloud Computing
Explain cloud scalability. (example 169),Cloud Computing
How does AWS Lambda work? (example 170),Cloud Computing
What is the function of a load balancer? (example 171),Cloud Computing
What is the shared responsibility model? (example 172),Cloud Computing
What is cloud computing? (example 173),Cloud Computing
What is the shared responsibility model? (example 174),Cloud Computing
"Explain the difference between IaaS, PaaS, and SaaS. (example 175)",Cloud Computing
What is the shared responsibility model? (example 176),Cloud Computing
What is the function of a load balancer? (example 177),Cloud Computing
What are cloud security best practices? (example 178),Cloud Computing
What are cloud security best practices? (example 179),Cloud Computing
How does AWS Lambda work? (example 180),Cloud Computing
How does AWS Lambda work? (example 181),Cloud Computing
What is the function of a load balancer? (example 182),Cloud Computing
What are the advantages of cloud storage? (example 183),Cloud Computing
How does AWS Lambda work? (example 184),Cloud Computing
"Explain the difference between IaaS, PaaS, and SaaS. (example 185)",Cloud Computing
Explain cloud scalability. (example 186),Cloud Computing
What are cloud security best practices? (example 187),Cloud Computing
What are cloud security best practices? (example 188),Cloud Computing
What are cloud security best practices? (example 189),Cloud Computing
How does AWS Lambda work? (example 190),Cloud Computing
What are the advantages of cloud storage? (example 191),Cloud Computing
What is virtualization in cloud computing? (example 192),Cloud Computing
What is the function of a load balancer? (example 193),Cloud Computing
How does Azure differ from AWS? (example 194),Cloud Computing
What is the shared responsibility model? (example 195),Cloud Computing
What is the function of a load balancer? (example 196),Cloud Computing
"Explain the difference between IaaS, PaaS, and SaaS. (example 197)",Cloud Computing
What is cloud computing? (example 198),Cloud Computing
How does AWS Lambda work? (example 199),Cloud Computing
What is virtualization in cloud computing? (example 200),Cloud Computing
What is cloud computing? (example 201),Cloud Computing
What is the function of a load balancer? (example 202),Cloud Computing
How does Azure differ from AWS? (example 203),Cloud Computing
What is the shared responsibility model? (example 204),Cloud Computing
"Explain the difference between IaaS, PaaS, and SaaS. (example 205)",Cloud Computing
What is the function of a load balancer? (example 206),Cloud Computing
What is virtualization in cloud computing? (example 207),Cloud Computing
Explain cloud scalability. (example 208),Cloud Computing
"Explain the difference between IaaS, PaaS, and SaaS. (example 209)",Cloud Computing
"Explain the difference between IaaS, PaaS, and SaaS. (example 210)",Cloud Computing
How does AWS Lambda work? (example 211),Cloud Computing
Explain cloud scalability. (example 212),Cloud Computing
What is the shared responsibility model? (example 213),Cloud Computing
"Explain the difference between IaaS, PaaS, and SaaS. (example 214)",Cloud Computing
What is the function of a load balancer? (example 215),Cloud Computing
"Explain the difference between IaaS, PaaS, and SaaS. (example 216)",Cloud Computing
"Explain the difference between IaaS, PaaS, and SaaS. (example 217)",Cloud Computing
What is cloud computing? (example 218),Cloud Computing
What is the shared responsibility model? (example 219),Cloud Computing
How does Azure differ from AWS? (example 220),Cloud Computing
How does Azure differ from AWS? (example 221),Cloud Computing
What is the function of a load balancer? (example 222),Cloud Computing
What is the shared responsibility model? (example 223),Cloud Computing
"Explain the difference between IaaS, PaaS, and SaaS. (example 224)",Cloud Computing
Explain cloud scalability. (example 225),Cloud Computing
What is the shared responsibility model? (example 226),Cloud Computing
What are the advantages of cloud storage? (example 227),Cloud Computing
How does Azure differ from AWS? (example 228),Cloud Computing
What is the shared responsibility model? (example 229),Cloud Computing
What are cloud security best practices? (example 230),Cloud Computing
What is virtualization in cloud computing? (example 231),Cloud Computing
What are the advantages of cloud storage? (example 232),Cloud Computing
What is the function of a load balancer? (example 233),Cloud Computing
"Explain the difference between IaaS, PaaS, and SaaS. (example 234)",Cloud Computing
What is the function of a load balancer? (example 235),Cloud Computing
How does Azure differ from AWS? (example 236),Cloud Computing
What is virtualization in cloud computing? (example 237),Cloud Computing
How does AWS Lambda work? (example 238),Cloud Computing
What are the advantages of cloud storage? (example 239),Cloud Computing
